Time,V1,V2,V3,V4,V5,V6,V7,V8,V9,V10,V11,V12,V13,V14,V15,V16,V17,V18,V19,V20,V21,V22,V23,V24,V25,V26,V27,V28,Amount,Hour,Is_Night,Amount_log,V14_x_V12,V14_x_V10,V_mean,V_std,V_skew
-0.568533583952539,0.987338132059133,-0.675308272594103,-1.04618009824165,-0.395149273077695,1.65821916095088,3.50802188555838,-0.582692315159673,0.838639060809902,0.150577056516634,-0.0797336322657531,-0.123460265128938,0.0358341422963031,0.130920909189354,0.286569901640909,1.36566254625684,0.760398843549821,-0.970782434990631,0.355525853296915,0.0076584607026416,0.354624933161745,0.0519245071435661,-0.326814696504261,-0.17847402803007,1.0417348752098,0.438378008289818,0.345097396035386,-0.0436253390438819,0.0409352082619376,1.9696507760532151,-0.5607839394228628,0,0.7978532857724381,0.0185116875498082,-0.0635198640479727,1.3660352477123845,0.275224060255289,1.8305116879573444
-0.3875121148932421,1.27620890981097,0.383554862452815,0.208419596256658,0.902671701764351,0.0927301333408519,-0.390743054763166,0.166995800915758,-0.176248267795479,-0.0445449633951415,-0.0504509803096604,-0.902346892953353,0.510148141614659,1.15843832635385,0.0976347100012612,0.995096935471803,0.430113595803724,-0.841423412583906,-0.180760463308595,0.0186633049867862,-0.0386011016311767,-0.270348513534911,-0.748067835153377,-0.0182561582084434,-0.478668362850808,0.510824687534585,-0.582269469991852,0.0285840008759444,0.0243920241340069,-0.1675443458980044,-0.0705354586236515,0,-0.300770446990357,0.11972588183124,-0.0175936113122267,0.2920867992936342,-0.732186982217805,0.2739001300952923
0.9205791653205674,-1.05813273427282,-0.13685174360032,-0.910579490391146,-1.26500002922853,-1.74909147164104,0.115567235113269,3.31135040963042,-1.63901997584946,-1.86209002795634,-0.261653902848413,-1.26818741600377,-0.81498109378042,-0.329373999957427,0.410117704783338,-0.755047224315376,-1.9133209001503,0.113200847246746,0.836161470227296,-0.771245214096763,-0.653123027140254,0.509068793115596,-0.30568439943493,0.113176414627536,0.0894132791337711,0.471604501581715,0.846937384644072,0.314602155760829,-0.0502893839271819,7.89079822616408,0.7232032070249127,0,1.3155404292088164,-0.8633734585288082,-0.2799349830015249,-1.669795164455384,0.7924652246822924,1.1784448397552134
0.0129343005668301,-0.290191917557776,1.15271275529617,0.951343305960983,-0.139174250151117,0.491029075398636,-0.474609010685572,0.769252139712391,-0.0669131846160854,-0.460929730739802,-0.539056416212743,-0.825790553943163,0.0671524028792145,1.06462230121237,-0.638079287899044,0.86788464708262,0.590995888373586,-0.342721837230115,0.0393659036018714,0.218368966360863,0.204456587814611,-0.306458521814622,-0.77865001738179,-0.114845028756355,-0.485615975632372,-0.0192610073044026,0.121067129031729,0.247803903912871,0.0918925822661019,-0.1814024390243902,1.0139671025420771,1,-0.3394424169091484,-0.117461024253944,0.8763755623580285,0.1662206512120456,-0.7426102258782145,0.3421220179599858
-0.908197010191195,-0.680392148176535,0.771942042530471,1.28808486002124,2.0276186369084,0.971211904137873,-0.133491942480256,0.180972723194419,0.250591933145359,0.686420538995023,-0.603908741570588,1.07205934374489,-3.10076734498966,-0.398052825605348,0.540223707234922,-2.72719625184649,0.925789932153849,0.906978614595348,1.1800301423563,-1.11550665606333,-0.223079701088862,-0.0946990266028757,-0.10876713333123,-0.0469422845401878,-0.202750739925502,-0.528246152871667,-0.225556083672923,0.129102348846941,0.198958322354085,-0.2009423503325942,-1.48067194807674,1,-0.4011184543484405,-4.295793266561743,-0.8409279072992086,0.0827455439178083,0.846073633026566,-1.5382804425817986
0.9848512437957062,-2.47234888599992,-4.07879932081388,0.737230013493319,0.348197402346574,3.68425946204408,-3.42132959200063,-2.15335189050336,0.0915494214656332,1.23709358631461,0.0433509760241571,-1.37552789452508,-0.304752950987857,-0.862314208993727,0.0323408228577704,0.0827981902439717,0.582190359874697,-1.08537878290244,0.462949934492564,-1.29721320379363,0.83477423665526,0.72577951224737,1.07908378657982,1.10529949499625,0.0252111043275112,-1.9861486658105,-0.120798925981125,0.0249598833359012,0.221813581828828,0.3176274944567628,0.8972670293659135,1,0.2795677191248359,-0.0330050717721081,-0.0013796447522076,-1.5279149133595238,2.2679345450662645,-0.5859136086174443
0.3796528532409175,1.0655591996122,-2.18244608390319,-1.15770485600406,0.846164793627801,0.820052580334753,4.99901453155411,-1.38418765007017,1.28993055849448,1.78323330374503,-0.219944299969551,-0.757414038605759,0.6555181728411,-0.020364962429214,-0.610356535129309,-0.102871543848482,0.166039239981963,-0.469839535367505,0.324293866836121,-0.707901555364639,0.649625507335842,0.421099264519325,0.595142097800511,-0.167242452192241,0.730613025132088,-0.316811223150756,-0.544986254907646,0.0609968947504219,0.0476730473779803,5.458148558758316,-0.7417517737265757,0,1.1731065941414451,-1.0319690501629275,0.3390091096174455,0.976573620155212,1.3707847047405806,1.9294906879396043
-0.219753884108197,1.2550833104993,-0.74655047265066,0.154636759891196,-0.659985976734834,-0.616332369725787,0.117204667674311,-0.55538743880785,0.0642427971186433,-0.81281332330359,0.603317372157439,1.0744169540177,0.485881473554229,0.314859301915876,-0.263986562648662,-1.02379649230989,0.459282224344127,0.609550479781953,-1.63374213915825,0.974931303524102,0.145181052189064,0.141271706349715,0.431270951887839,-0.170736945951388,-0.240450605179582,0.623296541683799,-0.119476847375752,0.0119243140990504,0.0001741805829673,0.4520509977827052,0.3837930705354588,0,0.3571290944738391,-0.336116950399561,-0.4130715432817942,0.0245247064717617,-0.4324880713685115,-0.604443103351002
-0.0554260037005492,1.23533384962866,0.685247604725991,-0.46751978421737,1.12519684202661,0.574143586996273,-0.393955331496194,0.282037564129406,-0.133552633433392,-0.214140233637243,-0.641237421687863,-0.0314665066341438,0.435199456660254,1.13804614399114,-1.27429367847617,1.23005584765296,0.317060941338952,0.693587777390997,0.0581104050518286,-0.746119970724572,-0.0497962443211072,-0.0471094047009314,0.0263608429173391,-0.169287932040841,-0.542990311345648,0.727351147640616,-0.268196644651618,0.0548286104664042,0.0447417786926463,-0.2921286031042128,0.8288314084820727,1,-0.991441123683007,-1.4273938173084355,2.0887872816156237,0.5793531674003788,-0.5256789614982237,-0.0531782006670333
-0.909782959851978,-0.0972208826277421,0.465379594483033,1.85643971464783,2.01548644800889,0.194877834231181,0.791686840869837,-0.631286439373742,0.205633358858153,0.990566878951323,-0.0332610884660219,1.36209738971014,-1.50386478357168,3.07646832750835,1.19010418685183,0.12088367667978,-0.392132779291832,0.523251473906257,1.59544453702292,2.3622881758297,0.34230215842688,0.178907870916043,0.977182514090723,-0.0851981035265546,-0.512893525704043,-0.864514664584561,-0.0763720585052961,0.286026698630625,0.217079056766867,-0.2225609756097561,-1.4849670707263534,1,-0.4824626415355992,-4.589273793029163,-0.1064005315704899,2.5804035415442548,0.6328803007404463,0.5080860575569496
0.4598079238744162,2.0532201470561,-0.0852658756774258,-1.23515400535807,0.184860728056843,0.180897180879554,-0.607363822796772,0.0980373672744172,-0.17957895885839,0.255390083360897,0.231397682809567,0.598319718116009,1.17769188476479,0.452945473382371,0.365796748628353,-0.668449830676777,0.211746696970689,-0.734172731724105,-0.266822476748203,0.612431756940589,-0.17291319931483,-0.264382294642489,-0.64232997583979,0.264248145893095,-0.481988255040132,-0.251759915637176,0.206686989632558,-0.0726234030511524,-0.0741051217057704,-0.2811807095343681,-0.5246730934427793,0,-0.8564985224866065,1.094995563175453,0.2119167740982832,0.1223956464587353,-0.5216440927629588,0.9865316413568482
0.7528679256365826,-0.936939948519664,-0.0415409779378402,2.27913824467446,-0.794476020344337,-0.194294121385427,-0.0748106436602931,0.0384377399505318,0.347426268729668,0.146279476260874,-0.920365815481742,0.686881363101719,0.481331047348626,-0.447706601553989,-0.157352788703614,-0.440816359789586,0.992339874101583,-1.04147123674852,0.581630712960272,-0.841562344872964,0.0500998827030467,0.117438367006325,0.0833155960871273,-0.0765186351650319,-0.0016214939328901,0.400081785230827,0.191937082830554,-0.108038529510681,-0.056720216172137,0.6060144124168515,0.2690019407591233,0,0.4308532655880975,-0.2016549227131509,0.3661128408832596,-0.0417318506778323,-0.4009885715656001,1.2175480354909878
-0.2537636935005433,1.30171889802605,0.0048529643190698,0.170343279648904,0.648367697106995,-0.227181968611616,-0.256503461836585,-0.114635916050711,-0.0241308650364341,0.672869072101927,-0.160424767602147,-1.58315421927347,-0.33181610714646,-0.886032777441524,0.0768600649281903,-0.0409588523368373,0.0080177065843167,-0.216373046534597,-0.319073344080527,0.543418496784959,-0.168258947036873,-0.30223709175788,-0.718475364210941,-0.0734600197448959,-0.438453870228439,0.534651730281765,0.324770945769354,-0.0288602970616253,0.0013075244578084,-0.2921286031042128,0.2916865514937488,0,-0.991441123683007,-0.0730601185455775,-0.0365665061644724,-0.3838624972371964,-0.8097031469520829,-0.4082703340324432
0.9061646450703398,-0.698860415931118,0.462848796049797,0.525187105600993,-0.5237302311192,1.01804570209803,-1.41222086593113,0.74966169573009,-0.269153982117032,-0.171983242936379,-0.355713076144027,-0.71189542253635,0.703198795886515,1.06150681402648,-0.123352544584064,-0.448199690167594,-0.147524871623864,-0.45508657139495,-0.891629667666481,-0.0679835147548056,0.0315236774409481,-0.261184857269366,-0.611432340545475,-0.0384639094029603,0.0782950719871761,-0.137243217709169,0.17627723611877,0.107638790670092,0.119855550976363,-0.2091186252771618,0.6841653144984258,0,-0.4299976906454689,-0.2298198242700284,0.1074589890952893,-0.5102185083311228,-0.7054437641491358,-0.0306669999078013
-0.0022673206261564,-0.77667559765703,-0.071756990376889,1.97917330901508,0.540659693155363,0.558982140545364,1.01025839598246,0.533624608523582,0.157117249919253,0.891695945155213,-0.890801794989644,-1.97462919209968,0.588565002386248,0.200450729718976,-1.20050395733212,-2.36208496572686,-0.841399381185635,0.060257514611085,-1.0250418281209,-0.10638323050126,0.120958173341821,-0.326096061968145,-0.545522089491719,0.0858308935379418,-0.783127304892077,-0.188846829455189,-0.713207732231904,0.0101852937765303,-0.0604909139909249,0.8830376940133038,0.9727975565524488,1,0.5369582166022974,-1.816497256157175,2.735232939601637,-1.0307082533354042,0.2704185238604339,-0.4349727712598643
0.6685423947839878,1.86410727251664,0.378358759581691,0.350582878283072,3.87725442995839,-0.23170135625959,0.257431749279696,-0.421748265158058,0.021369718857499,-0.486168758846429,1.32762801967896,-1.13121974998554,0.614115405451211,1.58778583294992,-0.569484750869718,-0.750771637842061,1.12075871913123,-0.997484227046211,-0.152472287520882,-1.75610295075914,-0.185701988786574,0.191009052920953,0.742525785807657,0.170530633451303,0.0641701437152467,-0.187284004028245,0.0208412111240417,0.0263715625436458,-0.0274679427678292,-0.2220066518847006,0.04062867869301,0,-0.4801594446284646,-0.9030284954297664,-1.9422721099181568,0.959026044835792,0.7880317568871393,1.5199039348018784
-0.6953273223883227,1.27849184389863,0.504609758952119,-0.113849721120277,1.10567065227775,0.0406655686241023,-1.19110561593238,0.552348926992163,-0.356159648465979,-0.280863744271142,0.0453040393764195,-0.363294812615008,0.223231278086376,0.0134004948348602,0.560212033285231,0.680477972030911,-0.216451828376838,-0.315305966669933,-0.370888449086765,-0.251081189892042,-0.155195418243864,0.0024530106050083,0.0673658412051848,-0.145543838023452,0.40137839757432,0.854101804658412,-0.296109363197667,-0.0077167507730938,0.0108390589433478,-0.2921286031042128,-0.9041710413286248,0,-0.991441123683007,0.3123508907574497,0.0600600189140892,0.3279035431099299,-0.8656709014311179,0.2312643344737459
0.6509794707627243,2.03582976752761,-0.205935577022723,-1.20600616827341,0.23938920281869,-0.0412320038145999,-0.734119483946694,-0.0039333929876656,-0.0991244445264258,0.48734982759724,0.277051755891222,0.464594925219331,0.375911312088164,-1.17882294649872,0.695174988145569,-0.503471412001039,0.241757770628168,-0.585512950178155,-0.120415813341742,0.563445617190162,-0.275328026876029,-0.270918451104356,-0.74637316031459,0.300478708090917,-0.369108030885319,-0.327926599333027,0.202076784536549,-0.0834179122731032,-0.0754969437898867,-0.2439024390243902,-0.0069358276860421,0,-0.5828537234900399,0.6611741240807449,0.4885350447110661,-0.2630094707864405,-0.5170403767042618,0.8633728687307077
-0.205668301565391,1.03005605762514,-0.296110813806967,1.08188059574399,1.54504188655918,-0.539190905095225,1.1092472829536,-0.650066183133334,0.471228749702928,1.07205435594252,-0.242943530151324,0.230718738137971,1.35355008054757,-0.685432021150029,-0.483769858330709,-2.33498388510519,-0.833908804749548,0.427244941094684,-0.699805985295838,0.585557858780072,-0.181242367737352,-0.380673698995348,-0.707868430922442,0.0227580136512748,-0.310729620028553,0.420597990318752,-0.507127165763201,0.0815842711347298,0.017075029465842,0.0540465631929046,0.4219401228086925,0,0.0632888616508359,-1.6839794661937135,0.2961776848153588,0.0192919721709346,0.0964704314960653,-0.53933557371166
0.4032658815236865,2.09930448004097,0.092309550031934,-2.5312416626125,0.0730617664763787,1.01730022477159,-1.16900835360213,0.959527934456725,-0.605858810943822,0.229496755326929,-0.0790122328662296,-1.45273276279128,0.384351906562237,0.810297996663449,0.664561618877763,0.418032717018412,-0.515270047624802,-0.708273747994795,-0.128711819850387,0.417120331041778,-0.097793545778625,0.143151220077933,0.521153922122627,-0.255243792509406,-0.952547912580403,0.735802603572508,-0.360809131674325,-0.0405032482979729,-0.0703985598306129,0.3869179600886918,-0.6778021698323308,0,0.3213946426213247,0.6460745760793453,-0.1395172001820738,-0.1635506504406308,0.223005180864754,-0.7624424014592401
0.6004170460219096,1.79256293088197,0.214150184789732,-0.98797850549145,3.43375808619297,1.11745672133697,1.80929719417165,-0.253166093280934,0.51233919068873,-0.882753985808022,1.54603809640041,0.236093217085096,-0.20037077554514,-1.24750021906024,0.654490264546381,-0.604053835261099,0.273208812431149,-0.333914234719096,-0.695219494356299,-2.17459238630458,-0.428223674966388,0.366306885767846,1.17613102362758,-0.0007986157850807,-1.65086265568494,0.0137266351153421,0.359659262260942,0.0028298151519068,-0.0813900765511253,-0.1588137472283813,-0.1438707009003849,0,-0.2781747895149957,-0.3434753336913414,2.5877845905752066,0.6379823089294795,1.029392935469818,0.5790720892528054
-0.0604657992892595,-0.151556037482699,0.774153339043255,0.683610496241155,-0.0898655498383447,0.0335098289053955,0.864726241379243,-1.08648617860566,-2.34618619110178,-0.595673156986349,-0.766604645374957,0.568989684999405,0.142536327939468,-1.49550684898581,1.17043381155998,0.665564144056723,0.675418522979699,-0.475932669352574,0.0316345367131347,-0.0671382831066466,0.51751950558428,-1.51172491687672,-0.472743442191007,-0.007197637834295,-0.866684358046746,0.624679570906679,0.215461928421217,0.0216178276737764,0.194898872303939,-0.2603935698447893,0.8151824631733009,1,-0.6820936803218512,0.4192820142815537,-2.304065836736785,-0.5940427736168332,0.0468651894797009,-1.2320909912499711
0.866292695820729,0.13958767901888,1.05049117721227,-0.410121480093633,-0.559768911960008,0.993906250274282,-0.7325645074716,0.974560192505742,-0.100639830312446,-0.0946630882318756,-0.850531208080437,-0.615390679115205,0.0623120246880482,0.328977818491911,-1.07732050381263,-0.224585181084509,0.267334335256886,0.392286308233902,-0.333761689980232,-0.289906043328801,0.0323053084857137,-0.334776218318278,-0.791186579997523,0.0918178298036061,0.508416917571931,-0.421107564572344,0.118356211846444,0.227912433812958,0.0841437739216071,-0.2811807095343681,0.5761827495148109,0,-0.8564985224866065,-0.1796178242965053,2.3428952744980607,-0.3767193475595219,-0.7717840046487198,0.185131081699721
-0.1169725983141942,1.34624781280964,-1.2642045324945,0.86787896818456,-1.40833755756182,-1.741068124407,-0.127760852375904,-1.40332311988852,0.131832303750562,-1.853489729397,1.54362245536919,1.56262743384197,-0.143532396221044,0.302082128786482,-0.224889951925165,0.395716124173404,-0.295224564123677,0.485154824765774,0.310052698654574,-0.59519642911423,-0.302242638871845,0.046753773977929,0.479758033804568,0.0197567325475934,0.213395167824018,0.195214944504139,-0.105871031642378,0.0588650108346194,0.0200543644529726,0.2344789356984479,0.6621488339537404,0,0.222913599418802,0.0748539074260636,-0.8944793747511629,-0.3624491087426696,0.214598368116413,-0.5233919629840257
0.1674645364034186,-1.82381925842864,1.39193826087045,-0.715613609005292,-0.332593002607714,0.14121695922037,-1.16608970665922,0.182862751398472,0.45480915252771,1.36477643173612,-0.381746049775272,-0.132764080758548,-1.61062338952763,2.69338738104132,1.75476760749541,-1.14656873433238,0.0642335579188442,0.549308110883917,-0.600553536714533,-0.293515391351365,-0.387247695507579,-0.483269407962548,-0.696369173680387,0.56487285716479,-0.215592396819203,-0.2360469081709,0.131014749028343,0.105779765813146,-0.02240009498523,-0.1456485587583148,-1.3164073685215238,1,-0.2463193409943903,-7.242589542779515,-1.721427532423454,-0.2449874928798134,0.5081894844743388,0.7324373311212558
0.5045904431848218,2.01834759945378,-1.33256127091993,0.325531256086304,-0.70938539430665,-2.04600577649411,-0.631495072199211,-1.61921385130195,0.225409965979507,0.466291227406397,0.921799391782746,1.02168964303573,-0.710137148868655,-2.01596965519866,-0.0549344863751577,-0.0073403054960812,1.65635431421962,0.0525720800363687,-0.395276879340315,0.417978289194327,-0.13976559022398,0.332616458710916,0.857076352553371,0.334819337717336,0.502942779848656,-0.632827692748822,-0.280118949627373,0.0207734368727822,-0.0409318359562194,0.0315964523281596,-0.4033915561070281,0,0.0381877704641455,0.0920868542107443,-0.134725808267151,-0.3579790349173742,0.46786574544679,-0.4302625287032002
-0.6660871097535904,1.26506853311805,-0.978775129069972,0.842613056202229,-0.633219649844026,-1.23287463137751,0.291088977863689,-1.1934787845783,0.181378114571115,-0.0372322376503876,0.449700771302606,-0.855947064677789,-0.666284141657111,0.113828969185201,-0.666640811630442,0.678379333507099,1.0636122914882,0.408078707455868,-1.26504795622353,0.290708924012554,0.137898636700343,0.32465593364576,0.938042280365798,-0.177069682498033,-0.402849593607674,0.432366539967323,0.0121275465596866,0.055828305808623,0.0241947919035196,0.4562084257206208,-0.8249817059590852,0,0.3593065118765167,1.129236924882894,-0.7731359990543103,-0.1998587329608887,-0.307159968717751,-0.4233965474837868
0.5275925871538077,-1.68256944836531,1.98970686411204,-0.534826771952612,-0.882819922331582,0.0652741411856342,-1.11634319694649,0.908729303276078,-0.0266146699332424,0.965423512192618,1.3980329695663,-0.634836745263394,0.685705360781418,0.871162451116092,-0.428288618336582,-0.338828019298408,-0.299967440876216,-0.428003117643407,-1.03418670340207,-0.303084048525794,0.591400388934199,-0.463716937395289,-0.537915216708957,0.115064587335061,-0.0160767569919849,-0.258226026171271,0.0705455211569067,-0.0972802196271117,-0.356327564778604,-0.1121119733924611,-0.3410963698259682,0,-0.1749472128657409,-0.7595502828206543,-1.5392086221821115,-0.4161526789523683,-0.03092649953384,0.5367471399234149
-0.6903462656759376,-0.440964534069818,0.937249626678566,0.853107366079043,0.0854362264152246,-0.511313969044218,-0.79747374536212,0.300506573163979,0.429244837096183,-0.750099375698327,-0.44731243344743,1.17431927923061,0.57904652471894,-0.626453342159703,0.83895221125158,-0.0175518427610206,0.43133784245663,-0.364345169875195,0.1966009693396,0.173286046644693,-0.169200880670511,0.0138706711982641,-0.227037485591366,0.193724084900947,0.508148142394908,-0.527817497431811,0.0384070006247387,-0.124394552641236,-0.0328578164551135,0.1516075388026608,-0.8906811746365055,0,0.1572730496704433,1.2357781121259563,-0.9665546176086992,0.2250656141059729,-0.8337785171819226,0.1740381962179445
-0.1214719962407119,-0.868098202316032,0.903618617898298,2.12128913884843,-0.559755541285284,0.222632584274832,-0.761752881919065,0.799421363946132,-0.0015742363633584,-0.988427425586846,-0.696245304545549,1.53830888060109,1.08361560981569,0.597597310180272,0.19797736201084,-0.320531029460144,0.561291140362319,-0.843590116041057,-0.0810839764662929,-0.403333251100875,0.0015350714421542,-0.122277401355403,-0.517356801699205,-0.146206009317373,0.533957196550268,0.192536707634428,-0.0223558664820713,-0.0186049579442591,0.0562495017177056,-0.1814024390243902,0.6499634119181706,0,-0.3394424169091484,0.5413918264594413,-0.3581684108628613,0.3612649703828844,-0.2020053889290707,0.8451558678556172
-0.9696848659285148,-0.357832283145199,0.950996331283401,1.26976648663671,-0.401562171924453,0.299094267550881,-1.13956586493631,0.862820448534928,-0.168224478369068,-0.488103600835708,-0.947095403122836,-0.210507934411232,0.363954473387139,0.79653422027685,-0.591993771307864,0.265405523384701,0.691355355637597,-0.37501796651044,-0.318580546106911,-0.953234088536339,-0.0725263529472019,-0.184822895200597,-0.611492942668191,0.0258847873030039,0.340087490086645,-0.270330581312096,-0.119497206555763,0.0033829304486519,0.0561768313104378,-0.1814024390243902,-1.6471954439884195,1,-0.3394424169091484,-0.5593165476621258,1.4316721892715727,-0.3255385972562734,-0.6354821465929577,0.2338789009555863
-0.1659255778436958,1.25636474351202,-0.0265884985317929,-1.16664037167713,0.267884178759876,2.18290404918125,3.60814453079738,-0.434329363914947,0.848222824669581,0.172034166342704,-0.0199493352486187,-0.542282484240556,0.236277030914319,-0.222176754977172,0.192297331426902,-0.150705893569331,-0.100824147758619,-0.510725490284137,-0.0755902216272484,0.362420742065028,-0.0314502085677548,-0.181250966617531,-0.482713780776141,-0.129777682285428,1.01006176143377,0.891882588051923,-0.327012803672458,0.0246592414506079,0.0130846137491494,-0.1396895787139689,0.5295727148356723,0,-0.2326844636507401,0.1085323851912644,-0.0148017702914426,1.1327531587849633,0.3577367271600475,2.2868599304187898
0.7585890921906664,2.17637439214349,-1.10543582529663,-0.861721652491929,-1.10035969617228,-0.746951436788849,0.0256340030617867,-1.134152599317,0.0820063041206365,0.0350701380870229,0.926567156382201,-0.138747123891071,-0.440017472850474,-0.281398003735566,-0.231372157391612,-0.389901915785546,1.6698708228478,-0.450137239066375,-0.251903256973724,1.11809702947807,-0.0114668272034747,0.305428207709674,0.896918100492121,-0.0022319783679895,-1.01469739778828,-0.0671826166674578,-0.0429352293153546,0.000126308056954,-0.0682772036712424,-0.0295177383592017,0.2844961980210624,0,-0.0392502666389117,0.252836896347802,-0.5542932939718167,-0.2921260558909233,-0.0189039073821546,1.0284541369900468
0.7732150723956651,2.28416903719626,-0.590734810000216,-1.73417405056201,-1.15833260448266,0.11674331940433,-0.584527459730381,-0.263633990664876,-0.386956525664767,-0.742329516511752,0.826014292182644,-0.988983884369017,-0.0308411623326771,1.96203696261164,-0.349225810782394,0.243220009631091,1.03529556275903,-0.221227580202703,-1.23885532785678,0.686433151678866,0.124652528748609,0.400441470931391,1.2208042807285,-0.083955939522684,0.189027924455621,0.370322117383986,0.0700754264076844,-0.0345092019278939,-0.061934421066604,-0.0981152993348115,0.3241067735674973,0,-0.1485154457627749,0.0197955609322504,-0.744121550818275,0.1044637195465,0.2642116200838088,0.4917542869911033
0.5089488678081588,-0.811032655066892,-1.08738735899647,0.611278923331486,-1.85139432500941,-0.80971935169692,0.915022824289231,1.0371967269769,0.154106225962937,-1.09631598652795,-0.303201609166342,0.188678392629978,-0.387245477299079,-0.239342317843426,-0.343016708157883,-1.37377993225507,1.23748884645622,-0.0675354921245372,-0.921187999661711,1.20057479188351,0.852531275254009,0.100718440317408,-0.4277462127173,0.846376231687493,0.136074718500811,-0.414954110875639,-0.629402802173496,0.0234475177293098,0.179609367722261,4.584811529933482,-0.3915879227514237,0,1.1066794157458495,0.3322532313312761,0.2615205251449366,-0.6915685036559517,-0.0084297920134108,-0.2377098747536157
-0.6228787923287028,-0.310614801438308,-0.309467233080843,1.76067664654193,-1.39745329528975,-1.21781690851469,0.482704575944579,0.209599652237565,-0.0588639394983504,-0.943693508783516,0.592211309386052,1.43332785004194,-0.454003899701819,-0.175997918469724,-0.488648329987383,0.438309942574889,1.23320508362486,-0.0516193041774347,-0.593515376936758,0.284587374568171,0.156635177587777,0.559469211377898,1.70328700195362,-0.0188282398244189,0.05053382306909,-0.807313784715499,-0.225707549636905,-0.0237019957295317,-0.0721923943782854,1.7720343680709534,-0.7079634755496167,0,0.761261809750935,0.5601219288692617,-0.7464726511255708,0.232164203340389,-0.057198045092149,0.417891406645314
0.6222326646891245,-4.20960230726703,-1.8940386101582,-0.537346329422161,-0.839445316879688,1.64491284394891,0.427553996363068,0.136004654188154,-3.34234756971008,0.0451420774006477,2.09245851020044,0.279875131439315,0.706257447281021,1.72121590097695,-1.06024082259825,-0.250633314316868,-1.39039057567828,-1.00588344134383,1.78358166614687,0.683942142711993,-3.57589464065041,0.896013905866186,-0.164560938951904,1.99968014632871,-0.0891195043955868,0.396710791694525,-0.187748180671736,0.588600120265402,-1.53570456276813,0.7749445676274945,-0.0847889026757023,0,0.4987898705494798,-1.92459534405805,-5.689570031323626,-1.3154629379337903,2.425657820410162,-1.1219966552833995
0.6941407970865517,1.98032825161594,0.104426878320297,-0.923277367205623,1.35365200439597,0.0479176841969608,-0.22305680482265,-0.382536026429638,0.0344607548813958,0.965143180004355,-0.341841381172343,-1.230246955985,-0.197528875235333,-0.139918736486286,-1.24430292496242,0.691844758262245,0.941344148549892,0.0859917405093671,0.593267420211529,-0.425595916310287,-0.217606918830512,-0.283404577304589,-0.677841334995227,0.263566794241694,-0.961967846903188,-0.298112687750594,-0.88823143857261,0.0731202695934618,-0.0056309509693487,-0.1965077605321507,0.1099551398301041,0,-0.3862751826754622,0.6213982582453753,1.0849341520137887,-0.3294108988703423,-0.1627163015262994,0.6852524304882649
0.7928691004141091,2.29026681176033,-1.43978437849672,-0.861130093438868,-1.62022005331566,-1.19698457356405,-0.317904327407921,-1.28153962039596,-0.116508939694507,-1.0448702429863,1.53943480525834,-1.29359733791963,-0.836140847413191,0.665767392078967,-0.602153071507368,-0.0193459698029372,-0.33034744614,0.300252852762306,0.129207005401134,-0.0965000813768385,-0.369165874399884,-0.162262211909328,0.0144111856081808,0.247444951076181,0.456279748525124,-0.222886919437224,-0.194800267229695,0.0203090580271781,-0.0384253194483821,0.048780487804878,0.3773344786993733,0,0.0575389558097769,1.281067968460154,-2.3802070772332775,-1.260461470251058,0.1466257476205883,0.8534910790101423
0.7881347469822902,1.83961612325858,-0.66197134337354,-0.69097449709589,0.0195987452664931,0.327898028585892,1.94597604082566,-1.04499494023164,0.681329947004774,1.27393969313679,-0.136139629229438,0.872793452540195,1.04894053599393,-0.263977731114202,0.112151198353081,0.710959490448916,-0.478801014491559,-0.045119094987836,-0.510515204816914,-0.889752988185975,-0.287635047869694,0.290283767982681,1.11820262852188,0.176226042907445,-0.800577126040139,-0.284602010924601,-0.136298978958102,0.0834143899297504,-0.0565940468148922,-0.1675443458980044,0.3645127421971945,0,-0.300770446990357,0.293364746075634,-0.0440945982381361,0.6831396472651183,-0.0626928812505911,0.6508789181442743
-0.0177743839760345,1.43033545966121,-0.360724072645702,-0.340989666969931,-0.861242934826692,-0.400102198790523,-0.857699800876748,-0.146460140092953,-0.230865867260345,-1.36562275930379,0.859233944669207,1.10256581774191,-0.127296199201611,-0.0335762126190889,0.315526701042455,-0.234187959454592,1.04199175839561,0.0247561772533154,-0.963209675765784,1.07040193971,0.0827748938669846,0.215955579361745,0.513711694117847,-0.22348016210103,-0.0016433639613906,0.809340416779871,-0.0786660118765124,-0.0343605271940506,-0.0121120760900432,-0.0981152993348115,0.9308008017562286,1,-0.1485154457627749,-0.1105924270122734,0.6897097234065103,0.1292923654249241,-0.4077828093083728,0.0591452278092643
-0.4930306323240036,1.19400589553677,0.632527556288535,-0.385968551840468,1.30753425898984,0.216441475341554,-0.788688167427222,0.192540649058114,-0.0719062313638856,-0.0014426323439057,-0.707610956329705,0.240709571495094,-0.357860014696233,-0.694995301932647,-1.18536375782545,1.40888292834091,0.332760650745171,1.20797933322457,0.21911530143601,-0.979695125908328,-0.169223424620626,-0.0471840379299922,-0.0580403712209027,-0.0866748658244575,-0.0761637846430524,0.597468719160407,-0.295628372699499,0.0477064736833858,0.0527674648125779,-0.2921286031042128,-0.3563042855779324,0,-0.991441123683007,1.078096561832832,2.144266222303665,0.2301252221058618,-0.4253469767686476,0.2807173771702654
-0.0892948397897148,-0.990193376843963,1.0573365136859,1.46033563100087,-1.30591134043377,-0.518996850977868,-0.907486261769106,0.197053239086241,0.486446645551924,-0.525643523707147,-0.796033529828752,1.32478486554748,1.10948802505836,0.382289712207991,0.384349349842112,-0.296908823556686,0.836893433136581,-0.707651130425897,0.0631557084116136,-0.481045779836378,-0.051674233341647,0.0280888499194702,-0.010496905995234,-0.0173615974644451,0.580972986231713,-0.362455071704686,0.689988912844525,0.133356432266071,0.104484232442773,-0.2846452328159645,0.7371066781203278,0,-0.8945528588170795,1.083822192291912,-0.7889356577812904,0.2527213373098711,-0.2695326970712261,-0.0112792803305297
-0.605856265969632,-3.51804712532926,1.40148238794047,-0.450087429918104,-0.316498566542621,-0.348622944759667,5.02668714521733,-2.54071345036352,1.91846125668953,0.439658087383627,1.61563259938242,-1.7712946153052,0.512724399444682,0.205499426225624,-0.565671583944596,-1.20194523535366,-1.95150156117035,1.0189789897664,1.76117103337673,0.8005205729764,0.0724424671510182,0.117376696208088,-1.09036631546115,-0.12892539953958,0.982233315994336,0.821737416584643,-0.0284174909119315,0.73861034989201,0.425303509702643,0.3869179600886918,-0.6618624924437658,0,0.3213946426213247,-0.7502166290739781,-2.3467480580561486,0.6341672600746199,2.3845421919285745,0.3193410322371517
0.4081999471350113,2.08569699193439,-0.149217316194663,-1.99952779756213,0.262363870718382,0.585646939206058,-0.649991527919593,0.392126954147602,-0.268766378869754,0.533876506128412,0.112541543150041,-1.42250387943565,-0.311632264012152,-0.934521249225089,0.561013576027406,-0.219393706488612,-0.420208608207772,-0.154494295681298,-0.634067752472477,0.313175448084458,-0.219133403830145,-0.0645919631446298,-0.0874237235238062,0.0568698256535215,0.304108858537197,0.20656475540127,0.559408801691568,-0.108653442784405,-0.0736199043704385,0.0259146341463414,-0.6644395660335342,0,0.03158065771759,-0.4553129633076522,0.1568078443143497,-0.4098211470854758,-0.2440443250177244,-0.1449600652571489
-0.0630620576228376,1.18913410284509,-0.440600689351721,1.00318894936114,-0.786979150283739,-1.30896076895336,-0.632100436278737,-0.715019880070111,0.137523476784353,1.6455727460764,-0.89230087575451,1.3321340311711,1.15342295446575,-0.807347887530787,0.188589266170246,0.627694911749977,-0.275133350048104,-0.284714046659983,0.695947573270792,0.77318451355477,-0.162651389543307,0.0453094662482708,0.311337530735305,-0.0152050080328339,0.541901107066138,0.421070257263914,-0.714490535873696,0.0858738159752285,0.0257935191845516,-0.2921286031042128,0.8081511883172671,1,-0.991441123683007,0.5490504460196712,-0.4361600760019081,0.4866248470307525,-0.1427538461274739,0.0391321091638708
-0.5492202414167817,-0.415478055056834,0.22049138149123,3.07730628548806,1.64034295968138,-0.968943422421363,1.32632835747684,0.651234795142954,-0.321311352423276,1.48237345951234,0.194914265921695,-0.822540520465596,-0.0356373827621871,-1.04071514141839,-1.53737198863286,-0.982834316242755,-1.69476632398841,0.830619783361418,-0.695282668168899,0.944445155768575,0.0439888608804594,-0.180082269502924,0.511208690178761,-0.169602218692407,0.436634816208753,-0.523052462078237,-0.348325400913378,-0.433666797918781,-0.545282500439622,1.278547671840355,-0.5084788902675702,0,0.6521934564331741,0.1324732682407441,-0.7727948105280178,0.0285110890670442,0.6956481464082135,0.8926976012006912
-0.1110399718053393,-1.1427864644524,0.837850372407776,2.35249039387861,1.14978885557237,-1.3111293403157,-0.0183688622007817,0.227167572351268,0.48945253391847,-0.421566673554857,-0.888710819713608,-0.472040281714281,0.604968916436801,0.808124899723121,-0.0942914416832077,0.718262590478922,-0.0914322666918087,0.135460343437189,0.225931399960018,0.367227565547056,0.246266219062969,0.193753527055983,0.369902895132578,0.0902531109895751,0.7291208430411,0.272367055081482,-0.290916912661564,-0.0348752162593811,0.0444766426041222,1.482815964523282,0.6782157742356278,0,0.7009444100251263,-0.1537976074489214,0.2097472440441869,0.8451963313141362,-0.2727515310858777,0.398295675020144
-0.579059590590032,-1.72523886301339,-4.5139479456254,-1.53508697980081,2.54466177200258,-1.47134061629935,0.155921188094373,2.24441712136414,-0.489651887705798,-0.127891163606704,-0.753057286594942,-0.398237205627963,0.458947531794065,0.119440743145762,0.620337037035231,0.432008411560623,-0.469275662825341,0.210977289962305,-0.577436369736947,-0.970956899917684,2.88132955159772,0.908957151640973,-0.623274951158674,-1.45033156083159,0.180320815093632,0.211245727064754,-0.392821346044713,-0.260145443841806,0.273814349999968,20.70288248337029,-0.5892908275269638,0,1.696650372110987,0.7210182205568947,-1.2019719461615992,-0.9183447605975408,1.8074932059077784,-0.6565584551669014
-0.2202355428940644,1.35975316572958,-0.472710011214947,0.193077706033019,-0.62783997940016,-0.915507139170871,-1.14921923617175,-0.282355414471024,-0.328892433062013,-0.984319486146286,0.624883470278277,-0.158814374034811,-0.328717075799653,0.717025239343342,-0.171018925308229,0.599449755913956,0.968709434268116,0.261351931668816,-1.44918761381088,0.504129488017699,0.174213108897033,0.239493013998021,0.576983454614681,-0.150615675054569,0.450068385923636,0.637305052375631,-0.122492680050061,-0.0089193637329601,0.0178289232244337,0.3294068736141907,0.3824886258789097,0,0.28698973218116,0.1361311008142127,-0.2788024281997356,-0.0579562095364127,-0.4460460475094371,-0.4928019932782871
-0.5363564275015419,-1.27934174168019,-1.25396458071933,2.29140065227323,1.17817785580611,-0.297729502452534,0.288546272138374,-0.0068301114218458,-0.0357974013291039,-1.32877687573926,0.637384564305629,-0.507509111317975,-0.117315709917556,0.915161275696529,-0.483178447297867,1.3725656781369,-2.58173659207277,0.747368301543281,1.36663462230696,0.338207854624966,0.564129133762947,0.0086428395390419,0.262901067035916,0.37202139616531,0.0701180578670643,0.276280052370308,0.0548192193498694,-0.0877511296923472,-0.0929014104301557,2.784368070953437,-0.4736406732207056,0,0.921256963823338,0.1373280373345669,-0.7941001104056242,0.400283267085387,0.4613487356599685,-0.7112537247469065
-0.2576052160122177,1.21615901584599,0.199770932306179,0.159885445392142,0.517070880365717,-0.24098383725549,-0.577373425525385,-0.0683442714753953,0.0107839483589671,-0.0749541431199611,-0.0926834668749442,1.19157643075647,0.355786479622863,-0.664197187226088,0.0637981429376948,0.513663005163412,0.812609823306711,-0.325658762808102,0.411491769678357,0.217438480724988,-0.0936615670677075,-0.261251444578558,-0.854123406386642,0.0777095867781056,-0.0600828614419891,0.196796424958005,0.0991225813966904,-0.0349025633920604,0.0172349951881123,-0.1398281596452328,0.2812828099646848,0,-0.2329964002302923,0.0503293654500217,-0.0201233325208332,0.4078332166023786,-0.9929000635481756,0.4682333382223373
0.4169402919322153,1.67842290075753,-1.75415482775596,-1.3293403287779,-0.336356988210039,-1.05483950350929,-0.72501715571962,-0.233325555276344,-0.344473805378698,0.108057418853734,0.525719512686551,-1.15303706096517,-0.0998132155757875,0.331133459147262,-0.589123641773041,-1.44685247039364,0.0666029080805384,0.816958250122854,-1.60005898882597,0.737262200833713,0.468220386048894,0.622390755813771,1.56909437143706,-0.382280418849623,0.12651607566422,0.375872092161525,0.267845511606554,-0.0573521308579901,-0.0258995486012229,3.4469235033259427,-0.6407686678756641,0,0.9996770937970032,0.1427495407348702,-0.798567079388564,-0.7204937894601098,0.1949130680408261,-0.2085081490071094
1.0304091162736058,-0.531183546878131,0.541546663724562,1.09209898502097,-0.752458368887351,0.271035758000858,0.118859317071074,0.29894280451866,0.020350782455594,0.471249529152775,-0.561030257715903,-1.46105874451007,-0.0635299085749973,0.349446293977685,-0.474202400277145,-0.0695635310167401,0.313171408587736,-0.71687176622155,0.258844774614963,-0.217924688067703,-0.133111299880584,0.291633275035551,0.923591965710674,-0.158355896682368,0.546209311500067,-0.455747487612855,0.506164180828487,-0.113208191319746,0.184540159390371,-0.0938192904656319,1.0206484044414754,1,-0.1407366812093103,0.0693426659380431,0.6767202583298426,-0.0018607436534079,-0.778409126475104,-0.7508478796157644
0.3088137683926106,-0.493177358051431,0.985624507319089,0.816890649261647,-0.483841398399151,1.10694071292787,0.177338163204639,0.734246137780615,0.0182619074558132,0.786478847650602,-1.01208460483172,1.06395649236814,-2.97456860934977,0.297946650350354,2.29430825986933,-0.0992993490031622,-0.239560222661277,0.114158601633913,1.51185681417933,1.02930832251482,-0.0534321416587514,0.11947233724662,0.537739369534399,-0.681216911469763,0.0328011250067944,1.01432310822223,-0.204561746971334,0.0150400331302672,0.0377005378374995,-0.2921286031042128,-0.9336005854093096,0,-0.991441123683007,-17.47763963445602,-5.954835057169797,1.0939401788849816,0.4425656752506093,-1.354354229169586
0.8091750124820112,-0.250485149370387,1.50693358286277,-1.40899602927723,0.010387346258038,-0.0832475514721495,-1.45988512154067,0.297670146307301,0.463938839655242,-0.315592624961817,-1.2538605712215,-0.725416753147166,0.277181104260321,0.444134959729665,-0.312392220313895,0.577100157181369,0.302165597943672,0.73093700068171,0.695265693249622,-0.259658609209194,-0.357708400599488,0.387804377621522,0.96712302102867,-0.0393139658952917,-0.0140024948834786,-0.246995581453062,-0.163749288272992,-0.318793559769491,-0.115320697349753,-0.0070676274944567,0.4214947026820656,0,-0.0090577436969991,-0.2294303687651202,0.9986907373304696,-0.2117700922911341,-0.3988676251614373,-0.474022058054104
-0.8840905753472936,1.27586335923669,0.0005004034598774,0.360177804425252,-0.0960679822879852,-0.10572647738952,-0.0216987426942616,-0.352744975732681,-0.0796552155388788,1.67769446198051,-0.643090454357387,0.255237174571508,-2.28107482310682,2.26079372566585,1.47378841928349,0.788680904271224,0.313082392150411,0.322315987078006,-0.363361130424945,-0.224346055061415,-0.0626517950469792,-0.299408995970215,-0.575802832881934,0.0178714488066319,-0.76699900797,0.140392930257215,0.945408109101915,-0.0822164378254141,-0.0058367693616857,-0.0857815964523281,-1.4153860838026158,1,-0.1265720046799177,-8.613519736970934,-2.4335138588437704,0.6203528210519532,0.1650026753299121,-0.0489938684427278
-0.1586889482804194,-2.32932789301645,-0.458890513739561,2.06659831192898,-0.409559068095113,1.2392759114031,1.54723201785836,-0.983446159508208,1.4699583842642,-0.0986051043663915,-1.33678876269957,1.03898387467289,0.827513884379229,-0.90382988585202,0.358157958116368,-0.0800796240669327,0.0052500638741114,0.0552006262913093,-1.00496475602463,-3.13770511380403,-0.202853616175982,0.4507554723302,0.86968445889594,-0.311504455913816,-1.34986787346078,0.329629658764789,-0.361006981636247,0.0133321391703825,-0.205396406002907,-0.2921286031042128,0.5491712004072415,0,-0.991441123683007,0.7509134571330954,-1.231777728735339,-0.6222409332239145,1.0061374397682878,-0.7873839634204877
1.0061029692501982,-3.3850109064837,2.21272677552939,-3.23647003436193,-0.472378184276654,-0.565918661929576,-0.368074932691631,-0.0128557312802772,1.53076239287903,0.160504529208297,0.0162552018688995,-0.543658322452768,1.0954073876465,-0.24564643493244,1.58204581064353,0.105185776882043,-1.42965504767155,1.43392765514615,-1.95167481111755,-1.47219323831659,-0.791281005590864,0.44366189297521,1.1457007328118,0.0639751031049808,-0.552915625395566,-0.132671909735581,-0.227530297152723,-1.31231235922435,-0.240379682425184,0.4692350332594235,0.9548216728707334,1,0.366054319032463,4.428397859060517,0.0609225211583834,-1.401587891885527,1.503914057424265,-0.7673553925382605
-0.9311051719580604,1.31882900114364,0.0795981169241487,-0.947571181232776,-0.353668819022484,2.10461563775202,3.31509505017913,-0.628005710952058,0.727754687277308,1.23225712682941,-0.369337095400165,0.918943339385548,-2.43327386927567,1.68106536138994,1.86011090566847,0.507793609491992,0.611090908908486,-0.177927687330314,0.204646037081976,0.0521051152379526,-0.0267019490261164,-0.463924906362652,-1.25507284257149,0.115733152199774,0.931089054797748,0.346348479185162,0.0717950069762981,-0.0549989163634223,0.0053899794575866,-0.2811807095343681,-1.5427126085711562,1,-0.8564985224866065,-11.59404423549448,-1.765326618848011,1.6298284962893816,0.9470200927758194,0.1649124802943066
-0.0640253751945725,-1.18012771923854,0.834188524777787,1.99237029414305,1.47990963695409,1.12317095030116,-0.0822675419115447,0.675783211635091,0.251742280834568,-1.53867556014909,0.019120396247352,1.03068815135641,0.379511595398273,-0.733265702495306,0.375542989098183,-1.44484001925068,0.122975613999033,-0.34931466731106,-0.441176588021492,-1.34078698569788,-0.107579493979624,0.120578070667906,0.195389793377414,-0.306661932783751,0.212129281335623,0.609060470336024,0.0044829894491418,-0.0077658959546535,0.0501175751049151,-0.2954545454545454,0.8055422990041683,1,-1.043259859233395,0.3570613352321341,0.0134269550382988,0.2668716956297896,0.09067186302872,-0.1942626686778582
-0.4326000763605392,1.27561966264062,-0.460374183716529,-0.500387814913647,-1.34583865778834,-0.494575957403521,-1.25215600927147,0.183432930952725,-0.274004041638266,1.49832274075636,-1.07053077259073,-0.990783209961903,-0.124492190439346,-1.33788547576564,0.511940069318195,0.920160074147669,-0.871548953837793,0.124475736954472,-0.1175297425503,1.21007418334728,-0.0713728739059617,-0.0600541797844088,-0.0965864976719866,-0.257426648533195,-0.0718921391475905,0.823071027738848,0.125506381199322,-0.0320516737380341,0.002733016511291,0.4566241685144124,-0.1926442047659951,0,0.3595236117112823,-0.170920796899687,-1.4092615982322163,-0.5950719282212251,-0.1206367352806464,0.1712933960787614
-0.580058151487562,-0.676847699513858,0.778388817917869,1.31563617025288,0.710040182196885,0.43185806635868,-0.175538504883448,0.965096496930136,-0.0668196607436033,-0.737364415776932,-0.40834164926186,-1.30545332763587,-0.758797165248771,-0.352983164011091,0.394683309622053,1.27314343272184,-0.0540421076357889,-0.401083765846459,0.476318733057165,0.824766965488288,0.239711521237191,0.0805232566581241,0.0549712726149402,-0.280535194023233,-0.459200778337117,0.644853001138228,-0.143910867363739,0.0368776069528419,0.0734660022356892,0.7849223946784922,-0.5919951640100537,0,0.502467571266148,-0.7744096104976702,-0.4179347657186376,0.3650402502804425,-0.5037822983935374,-0.0742228133282909
-0.2643719345648918,0.529613827497363,-0.929786704398384,-0.377821203896963,1.2887232825914,-0.216210791208838,0.186949006677606,0.490931452512126,0.0453685214567931,0.0175793846753697,-0.0572729292218979,0.800613212871809,0.38091497896141,-1.31056759177925,0.771804100375559,-0.222488693885309,-0.318290514869662,-0.111118962236914,-0.061709987945992,-0.120002100536026,0.43378236752887,0.213873638490612,-0.0401407973766371,-0.455482247046593,-0.2935826919406,0.623022337969262,-0.276357546688749,-0.0485576598364037,0.0529016197028676,4.4093680709534375,0.2629569533263341,0,1.0919136145227764,0.7447981383249921,-0.1182368466457364,0.0930297648534297,-0.8324798733787375,-0.2755110698266492
0.4598431672002114,1.86337258303804,-0.859464052426786,-1.04265882800715,0.0480072685402285,-0.195698229031525,0.610896451931283,-0.769267552894179,0.342014359282493,1.42101913505072,0.0910097039941107,-0.427234977388834,-0.606142463689547,-2.17531913862561,0.621018765744759,0.738804303921081,0.874134883140007,-1.12339748494618,1.38441988028398,0.229338598538135,-0.139250021291807,0.22015861252568,0.443158810759974,0.000831754915895,-0.407980113221521,-0.143446751811942,-0.229128730051905,-0.0046025642764732,-0.041266708160963,0.9406873614190688,-0.524577646272788,0,0.5559344998820965,-0.9713673778220272,0.1398486786991261,0.0428812050321707,0.1034945551898164,-0.3345109170287034
-0.1615084143440336,-1.81830527880208,-1.85839186865116,0.320087726201171,-0.706141624789562,0.511938888001581,5.13218475710654,1.14544408096252,1.11733487692896,0.605303308722091,-1.54125832851427,-1.29480396363231,0.0286410415001259,-0.258433931191968,-0.823049779880265,-1.59963263477207,0.154712227827954,-0.482654767624846,0.491520892017194,-0.0333869790740444,1.33793797696734,0.420619919726617,0.302285619341455,1.05618804561583,1.01337199379675,0.581587936110572,0.430957884051863,-0.109058466520461,0.148537683080057,7.856430155210643,0.5415354268079289,0,1.3138401075873376,-0.0681185807140109,3.245451182372029,0.6941763012771471,1.6018319216376369,1.6722298424020057
-0.2577226937648683,1.16039073746607,0.666947140615276,0.924790149278114,2.54820576331549,-0.320317770065936,-0.704797391802212,0.174273364397399,-0.156038426627819,-0.852825060520001,0.651721870175946,-0.0862913784589826,0.390653505691116,0.609562024943479,0.183014451301953,0.468436205952407,0.65111400586344,-0.565765804607365,-0.653806501096195,-1.04918203982512,-0.120551680442907,-0.219913018441596,-0.6865902760749,0.177451128755062,0.682401380635338,0.225478701954676,-0.288656206267997,-0.0025152898727552,0.0336149517631758,-0.2458425720620842,0.2809646527313802,0,-0.593344257030941,0.1752414356019358,0.3006509406660269,0.6147903765115625,-0.2110543949830572,1.139781798121433
0.2581691092249405,-0.498803134720315,0.530138295503046,0.913575764134829,-1.25729483775716,2.60629246460241,4.20880358488647,-0.0724746665115099,0.83940487007041,1.35638543192151,-1.13018539517244,1.02221741928067,-2.60353236124557,1.48760374393076,1.44955176766723,1.02105373608009,-0.344202347639857,0.210538350160612,0.403820643790685,0.414794615680046,0.150772756747046,-0.308891747948092,-0.561019560499651,-0.249279505059443,0.596593283328461,0.30388822896814,-0.707300553516956,-0.0627929962310956,-0.152264614699561,-0.1498059866962305,-1.0707581686869652,0,-0.2561111592472957,-9.668517299950606,-4.2027726038843545,1.6653477834262205,1.361179486418383,0.6908866750089493
-0.448823754001586,-0.67124461922403,0.639575087790999,1.48032854858191,1.00674282721977,-0.333681626876807,-0.114245917782378,1.36015447118248,-0.107390107415848,-0.939954610142959,-0.532281479681888,0.169504063728547,0.291207827523948,0.542776404331024,0.251866271769424,1.32719595307676,-0.671718093304678,0.212001709889685,-0.473190068000095,-0.0683913761122693,0.404149094019414,0.225025982117603,0.417198656451493,0.128831402196767,0.410411222718146,0.561932049574521,-0.189861133424508,-0.035581295958129,-9.10619843513816e-05,2.1884700665188475,-0.2365817186853741,0,0.8348545432325409,0.1799776436045034,-0.3484902707966224,0.8808820248696547,-0.5826753624374106,0.2982995668379522
-0.432752797438985,1.25075712792753,0.23082768601239,0.232018021645943,0.156784092597964,-0.432479268818724,-1.4789660178663,0.402176716707286,-0.390022541712778,-0.221640666188444,-0.168041827083255,0.288812004450567,0.833631131513316,0.82619784240539,0.277038927426199,0.735196363678675,-0.0163328514519267,-0.132091925560367,-1.21863666926288,0.146701726831057,-0.0010178580490996,-0.404089910287858,-1.20962187903148,0.226680204983022,0.756375579560555,0.0807185398833545,0.597430562833301,-0.0977014308996764,0.0114089197851767,-0.0083148558758314,-0.1930578091692912,0,-0.0106773925048479,0.5834165933889706,-0.1242600232031622,0.145391768154928,-0.5357324145581454,-0.952086690037647
-0.2915915298540339,-1.96214891779174,0.272250675169594,0.949041218198645,-3.49726686989457,-0.904453104869694,-0.179928958837048,-0.116317499063966,0.576461610147983,0.193172559502246,-0.439093353334991,0.610574878593087,0.882653110392667,-0.342760061571897,-0.03381585562833,-0.698101678082219,-2.09349822903941,0.206797907009527,1.01903886948211,-0.415094023998473,-0.435735300813499,-0.620018578889711,-1.00146947367509,-0.257632800609976,-0.327048766595801,0.408569889867635,-0.329913481852408,-0.417799339320124,-0.419455681731125,0.2584534368070953,0.1892399223696354,0,0.2400769487883224,-0.0841807601096052,0.0330745049029314,-1.8093144053830847,0.468146688913103,-1.8564940128750116
0.0075420717201679,1.15548329263098,-0.949349551543047,1.16828502065478,-0.637987606076167,-0.969218639449306,1.34887120071429,-1.48872383271075,0.591613035051139,-0.12607975944008,0.319905362056115,0.677018484103183,-0.0189086899709848,0.0410001649835213,-0.562114184975088,1.43099778278199,-0.17497947843968,1.63796375953947,-3.06950963628071,-1.21259004107181,-0.0857435256858534,0.44537088274865,1.51599866221737,0.0691322808243105,-0.573326966735385,0.0980320690548968,0.062227584191175,0.122084834867581,0.0133800562618745,-0.2228381374722838,0.9993636855333912,1,-0.4836191660437156,0.0194328639107296,-0.4657423363736978,0.0622363801261358,0.6675427693114155,-1.087275522813755
-0.1867778789391758,-0.376558238285463,0.186857953988134,1.04298887708627,-1.70449171189577,-0.109207978230454,-1.48868897641117,0.596447713074587,-0.216933136319149,-1.4435024331146,0.0363939651395652,-0.650298876858998,-1.49813708180706,-1.3322275300139,0.241053022731014,-0.100790832608325,1.06196062087205,0.202800187732346,-1.64220379291332,0.232608240217291,-0.0095948045484768,-0.0334204966953485,-0.400905593273048,0.0185673585809444,0.316652385365705,-0.24147725966947,-0.651852035256226,0.0660846014872728,0.128602209853165,-0.0569567627494456,0.473099805924088,0,-0.0794945070553236,-0.9322135853765028,0.017507098392437,-1.5151082892377736,-0.1168978560795198,-0.7415680168260048
0.5801873770154777,-1.01453409000334,0.401818748568778,0.887986170472636,-2.66571416613931,0.21663805216732,0.0341917108361243,0.0307736682124277,0.559934621366105,-1.79838976151813,-0.483254792083655,0.229619366669436,-0.185631051712153,0.237631718237247,0.152689127666315,-0.971568319737241,1.85991093712944,-0.413158169072812,-1.01566342468774,0.745817290423987,0.0553374721716598,-0.195632835601883,-1.04734468812516,-0.139709664420625,0.0267884501465333,0.423021778698767,-0.66302672475798,-0.13900430497851,-0.0400496941704986,-0.0295177383592017,-0.1986573764754539,0,-0.0392502666389117,-0.0803311956881791,-0.1940420906101418,-0.9906630624134138,0.1705499511012121,-0.9333573339008784
-0.5152339275749654,1.09903266882352,0.255768144769946,0.844374793803187,1.27577154927354,-0.432518512484196,-0.420578834095508,-0.0356311729070399,-0.0643465555850775,-0.062889462891672,-0.0582548881035584,0.315959563740577,1.00017385263079,1.11414335651907,0.0527769983533107,1.20579143208374,-0.0716885358596869,-0.216089223565353,-0.78354108153574,-0.96660419738537,-0.0569240020809834,-0.0015877072891168,0.0434741593753553,0.0681689096705669,0.40181734619585,0.324187967391646,-0.475271015372201,0.0535802826117499,0.038119992249949,0.0958980044345898,-0.4164360026725206,0,0.1062983442714896,0.127349122296637,-0.01285006501792,0.7260380854566629,-0.666882260011447,0.3243949821878835
-0.052806249816441,-0.88427008457646,1.65790425968727,0.762254479107914,0.827060909885269,-0.263132713022894,-0.794457389599756,0.57541520666611,0.254240217035396,-0.647262949374425,0.0258120210768892,-0.494079522711844,0.481055558766376,0.906113994116477,0.390228829370927,0.906994954444919,-0.264209529364189,-0.0803692257755626,0.0242227460982988,0.356856113222213,0.200462539356597,0.126801194659977,0.524959919004708,-0.100426394389299,0.418818685450706,-0.0893823124449057,-0.312730608345885,0.413960174047525,0.219039734730503,0.0442073170731707,0.8359263147847673,1,0.0524785792744842,0.4727633581590326,0.0208374339899801,0.8534761602523402,-0.7151810327529993,0.1251835416513361
0.0051102822403007,1.23012045937359,-0.371791374592557,1.15833586620687,0.167237458431424,-1.30193405161398,-0.491543294017424,-0.759172006568262,0.0933033966284833,1.2260878342307,-0.359548809076007,-0.799088030860936,-0.0111730724483508,-0.809854521108666,-0.276147950318939,0.390912085577855,0.202640202957533,-0.0256570521042192,-0.283650672967662,0.241536599523027,-0.13469764085141,-0.132700125529647,-0.214783792698738,0.0763278536692743,0.43153737712956,0.0853573710700627,0.994445747467473,-0.0384386310844431,0.0131786931584937,-0.2835365853658536,0.992777830803984,1,-0.881982500716234,0.0001228687586202,0.2494401968874877,-0.0346252261076971,-0.5784627779072434,0.2521931192635385
-0.2741930746864812,-1.67993812778684,1.39093617855575,1.14976415287646,0.913304240051661,-0.669472880673513,0.220258499249909,-0.03390688817864,0.997530342507645,-0.787794867067072,-0.575862583440313,0.415066801363264,1.22934260232724,0.430978242280692,0.536843313743773,-0.691629683733873,-0.121840142648847,0.152750362704659,0.338111229692584,1.32013531484777,-0.0168181397761005,-0.13519861842347,-0.416915539974678,-0.0618563599340458,0.0027651890014899,0.477782153069987,-0.396551016526392,0.011915312099243,-0.0835529121439573,0.386779379157428,0.2363590086220615,0,0.32131515216806,1.6816315260036854,-0.7971172602137776,0.6286119931822783,-0.2650741661742749,-0.3591047370989759
-0.4012217686275661,1.01733142339949,-0.0846895245996692,0.968877843802357,1.22382976481904,-0.786493782341284,-0.299088168357478,-0.312927720384256,0.0534289184329246,0.377055188960949,-0.100787158455806,0.0444693167790955,0.359506814599971,0.0077706440123576,0.137265432840605,1.48438278659146,0.043950459312355,-0.19893455980762,-0.256650189730178,-1.10323832443969,-0.0480024962481299,0.258216319378465,0.709124668370065,-0.0825405367467798,0.411316879223554,0.39612076586275,-0.256629290358036,0.0546117238729431,0.0427634313622198,0.6087860310421287,-0.1076644077503099,0,0.4320649286188521,0.1185475660857249,-0.0404211379781479,0.6550098007838561,-0.7328589330962201,0.3380174907469465
1.0104966371993305,-0.906370036598927,-0.149979514670334,-1.48202750563457,0.138840803624978,1.2395218735678,-1.41263858923715,0.446833846750568,0.0915923238420399,-0.0015515688566402,-0.984729690349263,-1.2585423938158,-0.17629537030693,0.494773905841189,-0.68700188300643,0.766271432725587,0.468371308356891,0.253637825004117,0.961063296426244,0.136517148285288,-0.399525345181434,0.206499924356766,0.934623501359827,0.890029438571805,-0.797874369941572,0.0998992492290933,-0.0720027021497783,-0.0256025264889517,-0.190451276500374,0.2872782705099779,0.9667207533963292,1,0.2597944678944565,0.3022610114421168,1.7284859790918168,-0.3496053641798814,-0.2293634515906719,-0.5692690122584296
-0.5672413286733825,0.583622871423807,-1.49420025468481,0.387437869687525,0.612716729813571,-1.11013938417495,0.530517776530207,-0.398975417235376,0.138493548413585,-1.0551173240582,0.807179666470273,0.956686183360882,0.539266626035563,0.398531518380098,0.24860797261881,0.687651456187342,-1.00263693662285,-0.437203393713175,1.76413682848763,-1.44106776910741,0.155372091476387,0.0200691650071272,-0.20860278599531,-0.310105536110279,-0.336316586034972,0.202581500059306,-0.30282224899332,0.017059197685419,0.0801214990070045,4.544345898004435,-0.557284209856511,0,1.1033211267477867,0.3354128839050563,0.509217944250285,-0.0837859384376213,-0.1654947867634794,-0.3955285093517998
-0.5938852829745367,-0.883016731864519,1.26222065736098,2.03775354064748,1.22657399963018,1.02536409505894,0.25346412339706,0.829130256877578,0.138833341396113,-1.48659315954425,-0.147736811634037,-0.848537499426828,-0.105054719278233,0.676901258193051,0.0073750371806285,0.236902557584869,0.729633119464759,-0.796464376527176,-0.722042708219975,-1.50366372231078,-0.0698044540745402,-0.188257340124211,-0.689127516677526,-0.199050126389171,-0.52644340782799,0.276021598632821,-0.278531127820429,0.0277678899990217,0.0656978899009545,-0.2749445676274944,-0.6294422703700169,0,-0.795884104768357,-0.0097586562562836,-0.0077639198867538,-0.0257322263436828,0.0452569432178931,0.21323793603978
-0.1605450967722987,-1.62698579352705,0.79618589670196,1.93400083856718,-1.26906316936924,0.631840841148824,-0.872517475146062,0.632990928328998,-0.213386810954852,0.50431508899158,-0.113867846900066,-1.05524778127708,-0.57811535625935,-0.546097391878851,-0.417301648254107,0.185507336663399,0.999678503022296,-1.34862913641048,-0.0177746052510812,-1.64412141820026,-0.125300234030747,-0.147408957499347,-0.138625411843731,-0.594861530552056,-0.106518180214702,0.560290524343442,0.11275251935893,-0.0019076609705979,-0.107791375571132,-0.2261640798226164,0.5441443161210275,0,-0.4977611199550378,0.6097835573650474,0.1167837048585933,-0.927818951067241,0.0272181522631136,0.0601719786507064
0.3905547886868924,-0.0653245378752157,1.32791945752347,-1.31139039094851,-0.100781482239046,1.35300558984666,-1.18015725659137,0.85530438853131,-0.106436724702199,-0.159724623797885,-1.19239230611035,1.40943647063652,-0.188667557725326,-0.547653750697851,-2.40318807661631,0.295285733269651,0.835245150769629,1.51787502044086,2.02036114557782,-0.110371465358899,0.0237475939930753,0.203546754870653,0.785416994634293,-0.297970485493739,-0.620135089291422,-0.357012406444609,-0.142578924135626,0.291141810869534,0.205261270685259,-0.2921286031042128,-0.7122267824759,0,-0.991441123683007,1.1528679455704192,7.337550710899861,0.3394203227751297,0.4845286200595424,-0.4336120209767805
0.5831243208317425,2.10528250303236,-2.13058570625063,0.693064734070828,-1.22636128143618,-2.69263844175563,0.306566279555571,-2.50297633595545,0.425894376607204,0.157065645752084,1.52317230605868,-0.0870203050254756,-0.666872344260701,-1.30491666061175,-0.977236736810835,-1.44178328511594,-0.151396869357577,0.513160614215454,1.08626482508669,0.0870376423021771,-0.516976326062162,0.0323948094547416,0.73929594502239,0.241683990140208,0.0487363650263775,-0.534357865716165,-0.0458134653973549,0.0866310412501788,-0.0375592492831446,0.0579268292682927,-0.1907034456428366,0,0.0674740477302125,1.6604559640394871,-3.8190292311395697,-1.2401074132633254,0.9142550568080224,-0.6844225421177434
-0.4504684425386942,1.18125500495244,-0.233858408700355,0.563510252852601,-0.208870467123421,-0.662421118369435,-0.261601002167596,-0.458084695514606,0.184013975036537,0.311109348020425,-0.0566078315913776,1.49005534414094,0.365965471046801,-1.16122031605254,0.593029804131648,0.93383859304545,0.366745907492506,-0.268273511246275,-0.225307360108833,-0.0345046160992674,-0.146731408742139,-0.0636074670542707,-0.24688394749144,0.12086176538719,0.035731041171057,-0.0285045978740838,0.920498970471258,-0.0672233481287908,-0.005474890426716,-0.1675443458980044,-0.2410359199516398,0,-0.300770446990357,0.5477839446072764,-0.0909904860596955,0.449065921560808,-0.7339011634160031,0.4346456343321522
-0.2232077300361244,1.18126058940571,0.156868018057786,0.330349316684198,1.27479468460191,-0.214447384368633,-0.396292598347814,0.0951398427374658,-0.100946261269658,0.281342621866274,-0.058945153348653,-1.0688046742778,0.142189633612049,-0.109411518303275,0.120171285391969,0.2368064439503,0.0393712883356611,-0.37991324543297,-0.28371835896354,0.0523738778709325,-0.0808379771210636,-0.224908274037923,-0.608385012117267,-0.0672806423595806,-0.140543906750698,0.575184215938646,-0.469202395443675,0.0203543739088207,0.0259892633472184,0.2247782705099778,0.374439247876301,0,0.2157569672382625,0.0359650333658003,-0.0231225159936662,-0.0295402632268363,-1.0082561264625076,0.7497719899442644
-0.2634438603189521,1.39390288733172,-1.06790426302504,0.539458083153502,-1.3638997517243,-1.42198200506404,-0.507146765268185,-0.946359305465634,-0.113934658525854,-1.91584058184062,1.34020852874167,-0.0967951273702649,-0.470931188491001,0.984818599754215,-0.372320596819916,0.861753714866735,-0.58071134709986,0.724277138387848,-0.742190371501463,-0.528584482995409,-0.251092152951934,-0.398320695362669,-0.83445779340588,0.203540767282505,0.0204443109259369,0.0485692418592284,-0.455915894362365,0.0481963637072924,0.0324040684645631,0.4007760532150776,0.2654703954694415,0,0.3292659882960814,0.4410612922282105,-1.283551809670189,-1.1668308585674558,0.0006529046527154,0.0282864810589616
-0.0251637346177567,0.949205201320755,-0.104003085820059,0.418262881184435,1.3917991911037,-0.275005141125265,0.0564478719388489,0.0735696365730707,0.101654213678849,0.0181035707281167,0.0077266606710822,1.33318398646777,1.25187974387518,-0.30589490625002,0.306850679337951,-0.791362907011557,-0.571879837060107,0.0930404334365619,-0.523793056783012,-0.180416697996185,-0.0232899281609099,0.0120938864553124,0.0445520382459884,-0.120697245038733,0.24724231686257,0.573585849238102,-0.351370284238237,0.0203898982853752,0.0220422992626273,0.9459534368070954,0.910788711781363,1,0.5576244353494304,0.9755641425270896,0.0011030793878257,0.5841744783502852,-0.7862729662806561,0.9921445225127732
-0.5676994919087198,-3.76106009344789,-2.3376491811728,0.96699168679125,-0.759637137859851,-2.12882926182265,-0.312842495829056,-0.554669687640436,1.11995006917163,-0.568886151326118,-0.35560876139604,0.358779812915501,-0.299374266015626,-1.54530674691388,0.108475727640531,-1.65935336583642,1.52853633992119,0.697807368527465,-0.679638201071867,0.489169022563742,0.59662861881429,0.226903413618734,-0.0796903570653803,-0.311078824272106,0.570813167638186,0.394130310856377,-0.362292485440186,0.31718230881645,-0.361611180501797,4.254711751662972,-0.5585250230663994,0,1.0784357432876996,-0.0909059127456823,-0.1038145020664643,-1.6862487522991951,1.0016177404297042,-1.538465971552122
-0.1065523216540867,-0.602433259774349,1.24540589380449,1.15485190828776,-0.0423384868219385,0.133084519807184,-0.529534108942511,0.615085170650351,0.0900197448967859,-0.168495620725303,-0.241258012309261,-0.0134436973829628,-0.129702956961817,-0.173512011990565,-0.417667493493145,1.19013527637868,0.0821627945266013,0.293344589663381,-0.570790199295581,-0.478203476032136,0.190335529144086,-0.270010500753743,-0.618501650933531,0.0269064022149642,0.011563612698467,-0.191640655673017,0.107084448255651,0.367149592599372,0.154121485617078,-0.2440410199556541,0.6903693805478675,0,-0.5835941101161889,0.1308984382346101,0.2532246914133874,0.1328447563557005,-0.8930569731734621,1.0759676526121948
0.0667273635055361,-2.83335491691139,2.37868584449419,-1.02470214819707,-2.38617201734586,2.6210298062349,3.70266866777829,0.269206417060475,0.272753544798143,4.31592018721786,2.48960196309862,1.69831523831886,-2.86048656443551,1.27291394237802,-1.41957485386635,0.411544572420436,-0.0523245528681409,0.508278365922663,0.253882735273613,-0.886730492594122,1.25381168336522,-0.852392056321692,-0.947503546287237,0.0209191601651432,0.46193246953224,0.0640115896570966,-0.504283514462926,-1.10071631946026,-1.08638724927479,-0.2965631929046563,-1.5892271960803033,1,-1.0621172855807712,10.386925209318536,-9.06076728506592,1.0183939929006662,2.9334265603294676,0.3263887719859978
0.9482451760697818,2.08764104868581,-1.14784446462782,0.387261071094918,-0.771374242148677,-1.664716042317,-0.175359658660215,-1.62601688051488,0.0865554973812096,0.450954040855856,0.644482331836072,-0.394877503442887,0.157510350339661,1.35617617127967,-1.07052461347422,0.531932068496263,1.53205176072439,-0.0497178529561283,-0.886804025830053,0.0459723865395046,0.0800945699820797,0.458796896169631,1.42591314742354,0.25900483228883,1.20830444383217,-0.417631546375707,-0.154089400822306,0.0573281391487174,-0.0172279973940795,-0.0843957871396895,0.7981292354681687,0,-0.1241790723169426,-0.4394131890296443,-1.7728246690400469,0.3493326730450611,0.3357953906997869,-0.069998745208087
0.4216746453640342,-0.939272691751741,1.49697987772437,-1.69270819717503,-0.520228766037824,1.81287256333926,-1.03046750900791,1.35321496845067,0.109263450904836,-1.1115347319497,-2.40365562212926,-0.539550765823738,-0.322463277274492,1.04993284875046,-2.88315353777395,0.069353809112927,1.11258502581126,2.02796658825039,1.18881527350996,-0.354677940820068,0.227477416135971,0.0064322883902862,-0.237971391885249,-0.285351951040669,-0.109046266957335,0.422821336214873,0.696991482575938,-0.0917512098197216,0.0772939378249456,0.733370288248337,-0.6279469313734845,0,0.4830964952988837,2.3721416418727976,17.752387674529476,-0.2493881790146272,1.0831985472812398,-0.6906695537348997
-0.4196422802431789,-0.581790414149102,0.365993301440566,1.14796273753385,-0.503924316927491,-0.294728297172811,0.752031463709464,-1.05091918228293,-2.52280964835999,-0.118221570889845,-1.32003144104693,-1.75565930055614,-0.164575739437429,0.0939657780425368,0.306143115391242,1.0260573231473,1.50590769648844,-1.17888414761328,0.461368642483298,-0.750794245926332,0.85530477130213,-1.32722687797443,-0.173085350572835,-0.42638684824857,-0.992426596030487,1.26327127575913,0.481557948751264,-0.0594925611669446,0.178934744641594,1.4636917960088691,-0.1575514619324869,0,0.6966210136060561,-0.1367499016594522,-1.040465033757167,-0.9671692395405248,0.4819373823078176,-0.5864181308868065
-0.6179447267173779,1.30193771329928,0.254550264957931,-0.313734834011076,0.318508485025451,0.495276951102866,0.201020109945311,-0.0121396893010038,0.0214455697622014,0.119585556083292,-0.327999394377226,-1.09214818436698,-0.125753763326146,0.482400774268628,-0.348015709062318,1.44560807922002,0.593725945236247,-0.237548258673492,-0.293894609380835,-0.0308268935988375,-0.054830640924532,-0.348617685258375,-0.973633393002264,-0.0190848278278156,-1.36737114170475,0.329301933337846,0.210306503690694,-0.0091905281309595,0.0141620232198966,-0.2106430155210643,-0.6946008717508193,0,-0.4356171596135914,0.1042544802329213,0.2875174164089133,-0.0470632301715357,-0.6275336146617826,-0.0495083057327352
-0.1597814913800699,1.18938282607002,0.0056453289071304,0.12875749334317,1.09294307040668,-0.175951987961926,-0.248330483622932,0.0165011348662487,-0.0179848848158221,0.548044741928778,-0.0843117238916853,-1.56412618832486,-0.582665208052088,-1.2444059417501,0.343187384000415,0.434104833800058,0.154776381047642,-0.421033409909217,-0.0150893172540726,0.240196152373057,-0.123983622150153,-0.254208202353188,-0.767279547384706,-0.105991570596047,-0.499526503005526,0.583637376469811,-0.461562966606542,0.0115828339878831,0.0217064350748332,0.3634977827050998,0.5462123381375081,0,0.3077344716771594,-0.5196506321090878,-0.0791129418916518,-0.4192932475996039,-0.6569042787529151,-0.5006952876576545
0.5147170254633029,1.51186057795934,-0.284386436477527,-0.0598500010544712,3.72827280197756,0.117575919397237,1.63806059689949,-0.620848084897567,0.555274550988759,-0.293889492996495,1.27843324364006,-0.779342392426219,-0.723139718545102,-1.18726957682182,0.285328868134279,0.909613486978945,0.548790654774115,-0.133090666878402,-1.12729273932559,-3.05669868640309,-0.215072407264499,0.337841521743294,0.788633984175484,0.206612506007342,-1.09708665023105,-0.597027354173242,0.0869553679730609,0.0308817038216577,-0.0240684859260375,1.4214246119733926,-0.375966402596163,0,0.6868988823840694,-0.5359550283127679,0.9297061953088568,0.2449992646086409,1.130780518917727,0.4226797866089994
0.6130224088813181,1.98891277460316,-0.933838593510728,-2.80553362561771,-1.7166875247636,0.837368063473481,0.025070946259292,0.364945560872726,-0.209291913704252,-1.05706453851776,0.574381094960507,1.33239678567689,1.26905227027631,0.831464840739541,0.811001060895599,-0.0338906875913272,-3.25859834183971,0.78451483459432,-0.312815339635642,-0.974965482668568,-0.488286451696394,0.068835756291528,0.832998710395086,-0.146726290435637,-1.29376514717358,0.303460812732886,1.16269384518839,-0.0835979518204759,-0.105272487771243,0.8941241685144125,-0.1097324297667905,0,0.5406771561285945,2.626824774179026,1.1886310216332785,-0.4995081501065561,1.1708772188307508,-1.2532017913667732
-0.554647713589239,-0.872864631506287,0.0505136683386615,1.99069304181498,-0.458531685072198,0.39425536307315,-0.350495861417688,-0.11565429540334,0.368029420761068,0.379110615028125,-0.769355994824178,0.198420828698461,0.414097112931995,-0.878326181819489,-0.0867077080689197,-1.31576718471733,1.13399030755011,-1.40986484469088,0.758764398140769,-1.56852460622544,-0.240795078394109,0.195766418455894,0.415874461831439,-0.001138762022046,-0.0378723596401783,-0.563409125247367,-0.837144579877902,0.177094657752334,0.191565089128233,-0.2921286031042128,-0.5231777544462474,0,-0.991441123683007,-0.0996876428993429,0.165959945645851,-0.6105043832432449,-0.0973492298735763,0.1668076199975156
